{"cameraMode":{"drawMode":0,"name":"Shaded","section":"Shading Mode"},"sceneLighting":true,"audioPlay":false,"sceneViewState":{"showFog":false,"showMaterialUpdate":false,"showSkybox":false,"showFlares":false,"showImageEffects":false,"showParticleSystems":false},"in2DMode":false,"pivot":{"x":20.689773559570314,"y":-85.9382553100586,"z":222.7822265625},"rotation":{"x":-0.1969916820526123,"y":0.015294376760721207,"z":-0.0030663921497762205,"w":-0.980296790599823},"size":289.7427673339844,"orthographic":false}